Name on report	*Name on tube
	
Microbial Community Std	B1STD
LCC30011001	C101
LCC30021001	C102
LCC30031001	C103
LCC30041001	C104
LCC30051001	C105
LCC30071001	C106
LCC30081001	C107
LCC30061001	C108
LCC30101001	C109
LCC30091001	C110
LCC30111001	C111
LCC30121001	C112
LCC30131001	C113
LCC30141001	C114
LCC30151001	C115
LCC30161001	C116
LCC30181001	C117
LCC30191001	C118
LCC30171001	C119
LCC30201001	C120
LCC30211001	C121
LCC30221001	C122
LCC30251001	C123
LCC30261001	C124
LCC30271001	C125
LCC30321001	C126
LCC30231001	C127
LCC30281001	C128
LCC30241001	C129
LCC30311001	C130
LCC30291001	C131
LCC30301001	C132
LCC30331001	C133
LCC30341001	C134
LCC30351001	C135
LCC30371001	C136
LCC30361001	C137
LCC30391001	C138
LCC30381001	C139
LCC30401001	C140
LCC20011001	C141
LCC20031001	C142
LCC20021001	C143
LCC20041001	C144
LCC20051001	C145
LCC20071001	C146
LCC20061001	C147
LCC20081001	C148
LCC20101001	C149
LCC20131001	C150
LCC20141001	C151
LCC20151001	C152
LCC20111001	C153
LCC20161001	C154
LCC20181001	C155
LCC20121001	C156
LCC20211001	C157
LCC20221001	C158
LCC20171001	C159
LCC20261001	C160
LCC20191001	C161
LCC20201001	C162
LCC20241001	C163
LCC20251001	C164
LCC20281001	C165
LCC20231001	C166
LCC20291001	C167
LCC20271001	C168
LCC20321001	C169
LCC20301001	C170
LCC30421001	C171
LCC30411001	C172
LCC30431001	C173
LCC30441001	C174
LCC30451001	C175
LCC30461001	C176
LCC30481001	C177
LCC30471001	C178
LCC30491001	C179
LCC30501001	C180
LCC30511001	C181
LCC30521001	C182
LCC30541001	C183
LCC30551001	C184
LCC30561001	C185
LCC30581001	C186
LCC30571001	C187
LCC30531001	C188
LCC30621001	C189
LCC30641001	C190
LCC30591001	C191
LCC30611001	C192
LCC30661001	C193
LCC30631001	C194
LCC30651001	C195
LCC30671001	C196
LCC30601001	C197
LCC30691001	C198
LCC30681001	C199
LCC30701001	C200
LCC30711001	C201
LCC20311001	C202
LCC20331001	C203
LCC20341001	C204
LCC20351001	C205
LCC20391001	C206
LCC20411001	C207
LCC20361001	C208
LCC20381001	C209
LCC20401001	C210
LCC20451001	C211
LCC20421001	C212
LCC20431001	C213
LCC20491001	C214
LCC20511001	C215
LCC20371001	C216
LCC20441001	C217
LCC20461001	C218
LCC20471001	C219
LCC20481001	C220
LCC20501001	C221
LCC20531001	C222
LCC20551001	C223
LCC20541001	C224
LCC20561001	C225
LCC20581001	C226
LCC20571001	C227
LCC20591001	C228
LCC20611001	C229
LCC20521001	C230
LCC20621001	C231
LCC20631001	C232
LCC20641001	C233
LCC20601001	C234
LCC20651001	C235
LCC20681001	C236
LCC20701001	C237
LCC20661001	C238
LCC20711001	C239
LCC20671001	C240
LCC20721001	C241
LCC20691001	C242
LCC20741001	C243
LCC20751001	C244
LCC20731001	C245
LCC30721001	C246
ZymoBIOMICS Microbial Community Standard (PC1) Standard 	C247
ZymoBIOMICS Microbial Community Standard (PC2) Enhanced	C248
Negative Control Standard (N1)	C249
Negative Control Enhanced (N2)	C250
ZymoBIOMICS Microbial Community DNA Standard (D1)	C251
LCC10611001	C511
LCC10301001	C512
LCC10591001	C513
LCC10241001	C514
LCC10621001	C515
LCC10581001	C516
LCC10671001	C517
LCC10411001	C518
LCC10521001	C519
LCC10781001	C520
LCC10291001	C521
LCC10761001	C522
LCC10141001	C523
LCC10031001	C524
LCC10051001	C525
LCC10351001	C526
LCC10221001	C527
LCC10571001	C528
LCC10061001	C529
LCC10601001	C530
LCC10721001	C531
LCC10171001	C532
LCC10151001	C533
LCC10251001	C534
LCC10481001	C535
LCC10321001	C536
LCC10081001	C537
LCC10261001	C538
LCC10091001	C539
LCC10791001	C540
LCC10681001	C541
LCC10641001	C542
LCC10651001	C543
LCC10431001	C544
LCC10391001	C545
LCC10501001	C546
LCC10011001	C547
LCC10041001	C548
LCC10381001	C549
LCC10441001	C550
LCC10551001	C551
LCC10701001	C552
LCC10541001	C553
LCC10751001	C554
LCC10101001	C555
LCC10661001	C556
LCC10181001	C557
LCC10021001	C558
LCC10121001	C559
LCC10071001	C560
LCC10631001	C561
LCC10211001	C562
LCC10271001	C563
LCC10231001	C564
LCC10731001	C565
LCC10371001	C566
LCC10451001	C567
LCC10111001	C568
LCC10531001	C569
LCC10491001	C570
LCC10801001	C571
LCC10341001	C572
LCC10311001	C573
LCC10421001	C574
LCC10511001	C575
LCC10711001	C576
LCC10331001	C577
LCC10361001	C578
LCC10771001	C579
LCC10691001	C580
LCC10461001	C581
LCC10561001	C582
LCC10741001	C583
LCC10471001	C584
LCC10401001	C585
LCC10201001	C586
LCC10161001	C587
LCC10191001	C588
LCC10281001	C589
ZymoBIOMICS Microbial Community Standard (PC4) 	C590
Negative control standard (N14)	C591
Negative control enhanced (N15)	C592
ZymoBIOMICS Microbial Community DNA Standard (D2)	C593
LCC11101001	J1
LCC11491001	J10
LCC10841001	J100
LCC11181001	J101
LCC10081002	J102
LCC10901001	J103
LCC11201002	J104
LCC10811001	J105
LCC10581002	J106
LCC11571001	J107
LCC10951001	J108
LCC10911002	J109
LCC10741002	J11
LCC10251002	J110
LCC10691002	J111
LCC11001001	J112
LCC10021002	J113
LCC11071002	J114
LCC10221002	J115
LCC30731001	J116
LCC10921001	J117
LCC10191002	J118
LCC10891001	J119
LCC11131001	J12
LCC11461001	J120
LCC11071001	J121
LCC11041001	J122
LCC11001002	J123
LCC11151001	J124
LCC10041002	J125
LCC11281001	J126
LCC11201001	J127
LCC10671002	J128
LCC10091002	J129
LCC11221001	J13
LCC11531001	J130
LCC11191001	J131
LCC30751001	J132
LCC30741001	J133
ZymoBIOMICS Microbial Community Standard (P1)	J134
Negative Control Standard (N4)	J135
Negative Control Enhanced (N5) 	J136
ZymoBIOMICS Microbial Community DNA Standard (D4)	J137
LCC10971001	J14
LCC10061002	J15
LCC11271001	J16
LCC10961001	J17
LCC10151002	J18
LCC11331001	J19
LCC10831001	J2
LCC11361001	J20
LCC10341002	J21
LCC10121002	J22
LCC11051001	J23
LCC11351001	J24
LCC11061001	J25
LCC11521001	J26
LCC11211001	J27
LCC10871002	J28
LCC11451001	J29
LCC10201002	J3
LCC11321001	J30
LCC11481001	J31
LCC11391001	J32
LCC10931002	J33
LCC11031001	J34
LCC11141001	J35
LCC10751002	J36
LCC10821001	J37
LCC11161001	J38
LCC10241002	J39
LCC10211002	J4
LCC11251001	J40
LCC11511001	J41
LCC10491002	J42
LCC11191002	J43
LCC11381001	J44
LCC10991001	J45
LCC10071002	J46
LCC10161002	J47
LCC11121002	J48
LCC10031002	J49
LCC11501001	J5
LCC11341002	J50
LCC11121001	J51
LCC11241001	J52
LCC11581002	J53
LCC11171001	J54
LCC10441002	J55
LCC10471002	J56
LCC11401001	J57
LCC10851001	J58
LCC10821002	J59
LCC10451002	J6
LCC10881001	J60
LCC11591001	J61
LCC10231002	J62
LCC10111002	J63
LCC11091002	J64
LCC11541001	J65
LCC11081001	J66
LCC11011001	J67
LCC11301001	J68
LCC11441001	J69
LCC10731002	J7
LCC11091001	J70
LCC10101002	J71
LCC11291001	J72
LCC11371001	J73
LCC10871001	J74
LCC11551001	J75
LCC11261001	J76
LCC11341001	J77
LCC11471001	J78
LCC10801002	J79
LCC10461002	J8
LCC11021001	J80
LCC10861001	J81
LCC10851002	J82
LCC10011002	J83
LCC10141002	J84
LCC10901002	J85
LCC11421001	J86
LCC10941001	J87
LCC10931001	J88
LCC11231001	J89
LCC10721002	J9
LCC10911001	J90
LCC10861002	J91
LCC10181002	J92
LCC11431001	J93
LCC11411001	J94
LCC11311001	J95
LCC10171002	J96
LCC10051002	J97
LCC10981001	J98
LCC11561001	J99
LCC11431002	M201
LCC11011002	M202
LCC10381002	M203
LCC11311002	M204
LCC10771002	M205
LCC10261002	M206
LCC11491002	M207
LCC11151002	M208
LCC11171002	M209
LCC10271002	M210
LCC10501002	M211
LCC10881002	M213
LCC10791002	M214
LCC11541002	M215
LCC10331002	M216
LCC11211002	M217
LCC10431002	M218
LCC10371002	M219
LCC11421002	M220
LCC10551002	M221
LCC11041002	M222
LCC11391002	M223
LCC10591002	M224
LCC11291002	M225
LCC10481002	M226
LCC11221002	M227
LCC10611002	M228
LCC10651002	M229
LCC10891002	M230
LCC10661002	M231
LCC10511002	M232
LCC11401002	M233
LCC10711002	M234
LCC11141002	M235
LCC11061002	M236
LCC10561002	M237
LCC11551002	M238
LCC10951002	M239
LCC11321002	M240
LCC10961002	M241
LCC10301002	M242
LCC11261002	M243
LCC10701002	M244
LCC11021002	M245
LCC11531002	M246
LCC10761002	M247
LCC10601002	M248
LCC10681002	M249
LCC10641002	M250
LCC11051002	M251
LCC11301002	M252
LCC11481002	M253
LCC10321002	M254
LCC11251002	M255
LCC11181002	M256
LCC11571002	M257
LCC11371002	M258
LCC11441002	M259
LCC10391002	M260
LCC11411002	M261
LCC10631002	M262
LCC10921002	M263
LCC11511002	M264
LCC10281002	M265
LCC10531002	M266
LCC10311002	M267
LCC11501002	M268
LCC11281002	M269
LCC11131002	M270
LCC11231002	M271
LCC11471002	M272
LCC10971002	M273
LCC11451002	M274
LCC11591002	M275
LCC10351002	M276
LCC11351002	M277
LCC11361002	M278
LCC10831002	M279
LCC10941002	M280
LCC10621002	M281
LCC10571002	M282
LCC11521002	M283
LCC10991002	M284
LCC11461002	M285
LCC10841002	M286
LCC11271002	M287
LCC11381002	M288
LCC11161002	M289
LCC10401002	M290
LCC10521002	M291
LCC11241002	M292
LCC10291002	M293
LCC10421002	M294
LCC11101002	M295
LCC11031002	M296
ZymoBIOMICS Microbial Community DNA Standard (D5)	M298
Negative Control	M299
LCC10081003	S001
LCC11131003	S002
LCC11231003	S003
LCC10581003	S004
LCC10071003	S005
LCC20661002	S006
LCC10901003	S007
LCC20221002	S008
LCC11531003	S009
LCC11411003	S010
LCC20591002	S011
LCC10791003	S012
LCC11041003	S013
LCC20041002	S014
LCC11181003	S015
LCC11221003	S016
LCC11171003	S017
LCC10731003	S018
LCC20741002	S019
LCC20241002	S020
LCC10951003	S021
LCC10471003	S022
LCC20361002	S023
LCC20651002	S024
LCC20671002	S025
LCC11021003	S026
LCC11511003	S027
LCC10761003	S028
LCC11301003	S029
LCC20231002	S030
LCC11061003	S031
LCC20301002	S032
LCC11571003	S033
LCC10711003	S034
LCC10721003	S035
LCC11001003	S036
LCC10691003	S037
LCC11461003	S038
LCC11541003	S039
LCC20131002	S040
LCC11581003	S041
LCC20371002	S042
LCC10091003	S043
LCC11031003	S044
LCC10531003	S045
LCC10111003	S046
LCC20711002	S047
LCC20341002	S048
LCC10821003	S049
LCC20421002	S050
LCC10521003	S051
LCC20451002	S052
LCC10501003	S053
LCC20441002	S054
LCC10931003	S055
LCC10991003	S056
LCC10451003	S057
LCC11361003	S058
LCC10401003	S059
LCC20471002	S060
LCC20051002	S061
LCC20401002	S062
LCC10681003	S063
LCC20641002	S064
LCC20751002	S065
LCC20631002	S066
LCC10321003	S067
LCC11071003	S068
LCC10021003	S069
LCC10351003	S070
LCC20701002	S071
LCC20551002	S072
LCC10491003	S073
LCC11271003	S074
LCC11421003	S075
LCC11091003	S076
LCC20541002	S077
LCC10381003	S078
LCC10831003	S079
LCC10161003	S080
LCC10061003	S081
LCC20101002	S082
LCC20261002	S083
LCC11441003	S084
LCC20481002	S085
LCC10201003	S086
LCC11281003	S087
LCC10421003	S088
LCC10141003	S089
LCC10551003	S090
LCC20151002	S091
LCC10571003	S092
LCC20061002	S093
LCC10611003	S094
LCC11591003	S095
LCC11251003	S096
LCC10891003	S097
LCC10121003	S098
LCC20291002	S099
LCC10621003	S100
LCC10331003	S101
LCC10251003	S102
LCC10151003	S103
LCC20201002	S104
LCC10941003	S105
LCC20691002	S106
LCC10181003	S107
LCC20121002	S108
LCC20511002	S109
LCC20531002	S110
LCC11201003	S111
LCC10591003	S112
LCC20281002	S113
LCC10741003	S114
LCC11151003	S115
LCC10211003	S116
LCC10231003	S117
LCC11011003	S118
LCC10661003	S119
LCC10291003	S120
LCC10921003	S121
LCC10771003	S122
LCC10301003	S123
LCC20021002	S124
LCC20251002	S125
LCC20381002	S126
LCC10911003	S127
LCC11311003	S128
LCC20321002	S129
LCC11471003	S130
LCC11191003	S131
LCC20721002	S132
LCC11051003	S133
LCC10511003	S134
LCC10841003	S135
LCC10031003	S136
LCC11371003	S137
LCC20571002	S138
LCC11321003	S139
LCC10671003	S140
LCC11101003	S141
LCC10261003	S142
LCC10851003	S143
LCC11551003	S144
LCC20601002	S145
LCC20271002	S146
LCC11291003	S147
LCC10431003	S148
LCC10651003	S149
LCC10281003	S150
LCC10961003	S151
LCC20331002	S152
LCC20211002	S153
LCC10171003	S154
LCC11561003	S155
LCC20011002	S156
LCC10051003	S157
LCC10011003	S158
LCC20731002	S159
LCC11521003	S160
LCC11341003	S161
LCC20411002	S162
LCC11451003	S163
LCC10971003	S164
LCC11381003	S165
LCC10221003	S166
LCC10391003	S167
LCC11431003	S168
LCC10861003	S169
LCC10881003	S170
LCC11391003	S171
LCC20161002	S172
LCC20581002	S173
LCC20611002	S174
LCC10751003	S175
LCC11161003	S176
LCC11351003	S177
LCC11241003	S178
LCC11261003	S179
LCC11401003	S180
LCC10241003	S181
LCC11491003	S182
LCC10641003	S183
LCC10461003	S184
LCC11211003	S185
LCC20681002	S186
LCC10101003	S187
LCC10311003	S188
LCC20031002	S189
LCC10601003	S190
LCC20621002	S191
LCC10481003	S192
LCC20181002	S193
LCC10871003	S194
LCC20431002	S195
LCC10441003	S196
LCC10041003	S197
LCC20081002	S198
LCC10341003	S199
LCC20391002	S200
LCC11481003	S201
LCC11141003	S202
LCC20311002	S203
LCC10371003	S204
LCC20141002	S205
LCC10631003	S206
LCC10271003	S207
LCC10191003	S208
LCC20561002	S209
